,APOE E2/3/4 (E2),APOE E2/3/4 (E4),APOE other,APOC1 rs4420638 (G),APOC1 other,GREM1 rs1129456 (T),GREM1 other,AKR1B1 rs759853 (T),AKR1B1 CA repeat (Z-2),AKR1B1 other,NOS3 rs2070744 (C),NOS3 rs3138808 (a),NOS3 other,CARS rs739401 (C),CARS rs451041 (A),CARS other,ACE rs179975 (D),ACE other,UNC13B rs13293564 (T),UNC13B other,FRMD3 rs1888747 (C),FRMD3 rs10868025 (A),FRMD3 other,HSPG2 rs3767140 (G),HSPG2 other,EPO rs1617640 (T),EPO other,VEGFA rs833061 (C),VEGFA other,CPVL rs39059 (G),CPVL other
0,2.8377174096122095,2.88060401618483,1.0,3.658305272951932,1.0,3.46253160752892,1.0,3.0817573424337747,2.775969345787959,1.0,2.943207579313595,2.7662704360706747,1.0,3.1835597851793858,3.392272327713975,1.0,3.087927024744393,1.0,3.0709900454965107,1.0,3.2511214553316226,3.331757691428053,1.0,3.1708509805929093,1.0,3.5183776905354134,1.0,4.104155512254132,1.0,3.2075262454515747,1.0
